insert into address (country, city, postal_code, street) values ('Polska', 'Dukla', '38-450', '18 Lotheville Point');
insert  into address(country, city, postal_code, street) values('Polska','Wrocław', '33-314', 'adminowa 32');
insert into address (country, city, postal_code, street) values ('Polska', 'Białystok', '62-050', '69107 Rockefeller Parkway');
insert into address (country, city, postal_code, street) values ('Polska', 'Wrocław', '72-005', '33324 Barnett Parkway');
insert into address (country, city, postal_code, street) values ('Polska', 'Wrocław', '78-301', '00866 Scofield Circle');
insert into address (country, city, postal_code, street) values ('Polska', 'Warszawa', '08-400', '1 Roth Road');
insert into address (country, city, postal_code, street) values ('Polska', 'Gdynia', '37-754', '5 Arizona Point');
insert into address (country, city, postal_code, street) values ('Polska', 'Warszawa', '99-235', '3 Summerview Circle');
insert into address (country, city, postal_code, street) values ('Polska', 'Szczecin', '37-754', '7613 Westerfield Court');
insert into address (country, city, postal_code, street) values ('Polska', 'Katowice', '89-200', '27 Elgar Center');
insert into address (country, city, postal_code, street) values ('Polska', 'Wrocław', '53-402', '907 Division Lane');
insert into address (country, city, postal_code, street) values ('Polska', 'Warszawa', '48-388', '68313 Northfield Circle');
insert into address (country, city, postal_code, street) values ('Polska', 'Poznań', '32-052', '818 Parkside Place');
insert into address (country, city, postal_code, street) values ('Polska', 'Poznań', '82-112', '95 Memorial Terrace');
insert into address (country, city, postal_code, street) values ('Polska', 'Katowice', '77-310', '28 Loeprich Crossing');
insert into address (country, city, postal_code, street) values ('Polska', 'Łódź', '85-056', '0 Meadow Ridge Alley');
insert into address (country, city, postal_code, street) values ('Polska', 'Katowice', '42-470', '33569 Dahle Avenue');
insert into address (country, city, postal_code, street) values ('Polska', 'Kraków', '09-500', '5563 Northfield Crossing');
insert into address (country, city, postal_code, street) values ('Polska', 'Lublin', '21-450', '7065 Starling Lane');
insert into address (country, city, postal_code, street) values ('Polska', 'Poznań', '21-205', '539 Mccormick Drive');
insert into address (country, city, postal_code, street) values ('Polska', 'Warszawa', '34-745', '4027 Moulton Junction');
insert into address (country, city, postal_code, street) values ('Polska', 'Katowice', '05-509', '438 Lakewood Gardens Trail');
insert into address (country, city, postal_code, street) values ('Polska', 'Szczecin', '46-320', '1694 Randy Parkway');
insert into address (country, city, postal_code, street) values ('Polska', 'Warszawa', '05-430', '9 Hoard Terrace');
insert into address (country, city, postal_code, street) values ('Polska', 'Poznań', '15-134', '6 Derek Drive');
insert into address (country, city, postal_code, street) values ('Polska', 'Poznań', '63-816', '05572 Meadow Valley Parkway');
insert into address (country, city, postal_code, street) values ('Polska', 'Białystok', '26-067', '223 Brown Street');
insert into address (country, city, postal_code, street) values ('Polska', 'Kraków', '34-103', '7 Scofield Plaza');
insert into address (country, city, postal_code, street) values ('Polska', 'Kraków', '33-158', '4 Browning Pass');
insert into address (country, city, postal_code, street) values ('Polska', 'Katowice', '66-350', '1 Butterfield Avenue');
insert into address (country, city, postal_code, street) values ('Polska', 'Szczecin', '46-300', '6323 Prairie Rose Circle');
insert into address (country, city, postal_code, street) values ('Polska', 'Lublin', '58-588', '0932 Towne Place');
insert into address (country, city, postal_code, street) values ('Polska', 'Rzeszów', '99-320', '319 6th Park');
insert into address (country, city, postal_code, street) values ('Polska', 'Katowice', '89-320', '09 Eastwood Road');
insert into address (country, city, postal_code, street) values ('Polska', 'Szczecin', '59-940', '80 Fairview Way');
insert into address (country, city, postal_code, street) values ('Polska', 'Łódź', '46-233', '9 Southridge Parkway');
insert into address (country, city, postal_code, street) values ('Polska', 'Poznań', '57-343', '28 Lighthouse Bay Point');
insert into address (country, city, postal_code, street) values ('Polska', 'Szczecin', '55-110', '61748 Pine View Crossing');
insert into address (country, city, postal_code, street) values ('Polska', 'Rzeszów', '56-122', '53 Dorton Road');
insert into address (country, city, postal_code, street) values ('Polska', 'Katowice', '32-002', '8494 Atwood Trail');
insert into address (country, city, postal_code, street) values ('Polska', 'Lublin', '21-450', '93454 Doe Crossing Center');
insert into address (country, city, postal_code, street) values ('Polska', 'Warszawa', '84-122', '6727 Oakridge Pass');
insert into address (country, city, postal_code, street) values ('Polska', 'Katowice', '21-200', '51 Elmside Plaza');
insert into address (country, city, postal_code, street) values ('Polska', 'Łódź', '13-306', '8 Utah Circle');
insert into address (country, city, postal_code, street) values ('Polska', 'Szczecin', '43-503', '05 Toban Lane');
insert into address (country, city, postal_code, street) values ('Polska', 'Białystok', '87-207', '46419 Orin Center');
insert into address (country, city, postal_code, street) values ('Polska', 'Szczecin', '34-330', '46603 Briar Crest Drive');
insert into address (country, city, postal_code, street) values ('Polska', 'Łódź', '23-212', '8 Hintze Park');
insert into address (country, city, postal_code, street) values ('Polska', 'Łódź', '93-524', '26888 Lake View Road');
insert into address (country, city, postal_code, street) values ('Polska', 'Szczecin', '28-425', '2 Hoffman Hill');
insert into address (country, city, postal_code, street) values ('Polska', 'Warszawa', '37-511', '91 Northport Trail');
insert into address (country, city, postal_code, street) values ('Polska', 'Wrocław', '74-505', '6278 Erie Court');
insert into address (country, city, postal_code, street) values ('Polska', 'Lublin', '84-130', '41532 Vermont Lane');
insert into address (country, city, postal_code, street) values ('Polska', 'Rzeszów', '05-820', '11974 Monument Alley');
insert into address (country, city, postal_code, street) values ('Polska', 'Warszawa', '46-320', '33399 Pleasure Crossing');
insert into address (country, city, postal_code, street) values ('Polska', 'Łódź', '27-310', '8 International Terrace');
insert into address (country, city, postal_code, street) values ('Polska', 'Warszawa', '74-400', '34637 Fallview Park');
insert into address (country, city, postal_code, street) values ('Polska', 'Rzeszów', '72-005', '3594 Melby Trail');
insert into address (country, city, postal_code, street) values ('Polska', 'Poznań', '06-406', '44304 Acker Avenue');
insert into address (country, city, postal_code, street) values ('Polska', 'Białystok', '59-601', '853 Saint Paul Plaza');
insert into address (country, city, postal_code, street) values ('Polska', 'Gdynia', '64-360', '77654 Northport Crossing');
insert into address (country, city, postal_code, street) values ('Polska', 'Łódź', '46-325', '71644 Nobel Plaza');
insert into address (country, city, postal_code, street) values ('Polska', 'Łódź', '71-899', '2 Hayes Lane');
insert into address (country, city, postal_code, street) values ('Polska', 'Wrocław', '97-350', '3495 Lukken Drive');
insert into address (country, city, postal_code, street) values ('Polska', 'Kraków', '34-322', '70973 Maryland Alley');
insert into address (country, city, postal_code, street) values ('Polska', 'Rzeszów', '23-210', '003 Little Fleur Pass');
insert into address (country, city, postal_code, street) values ('Polska', 'Wrocław', '09-530', '7 Killdeer Place');
insert into address (country, city, postal_code, street) values ('Polska', 'Lublin', '62-320', '40906 Norway Maple Place');
insert into address (country, city, postal_code, street) values ('Polska', 'Poznań', '96-130', '906 East Avenue');
insert into address (country, city, postal_code, street) values ('Polska', 'Szczecin', '76-220', '0338 Fieldstone Court');
insert into address (country, city, postal_code, street) values ('Polska', 'Rzeszów', '66-542', '0 American Pass');
insert into address (country, city, postal_code, street) values ('Polska', 'Kraków', '87-840', '94244 Lindbergh Street');
insert into address (country, city, postal_code, street) values ('Polska', 'Białystok', '32-087', '92 Pine View Parkway');
insert into address (country, city, postal_code, street) values ('Polska', 'Lublin', '11-210', '3 Vahlen Trail');
insert into address (country, city, postal_code, street) values ('Polska', 'Rzeszów', '56-160', '95133 Bultman Center');
insert into address (country, city, postal_code, street) values ('Polska', 'Łódź', '43-410', '93909 Shasta Parkway');
insert into address (country, city, postal_code, street) values ('Polska', 'Warszawa', '44-186', '7416 Loftsgordon Avenue');
insert into address (country, city, postal_code, street) values ('Polska', 'Łódź', '59-330', '486 Eagle Crest Point');
insert into address (country, city, postal_code, street) values ('Polska', 'Gdynia', '26-811', '4545 Fair Oaks Street');
insert into address (country, city, postal_code, street) values ('Polska', 'Szczecin', '16-303', '6740 Mayer Circle');
insert into address (country, city, postal_code, street) values ('Polska', 'Białystok', '34-116', '8 Myrtle Hill');
insert into address (country, city, postal_code, street) values ('Polska', 'Poznań', '34-721', '60010 Manufacturers Lane');
insert into address (country, city, postal_code, street) values ('Polska', 'Łódź', '86-318', '0 Westend Point');
insert into address (country, city, postal_code, street) values ('Polska', 'Poznań', '32-031', '47849 Aberg Parkway');
insert into address (country, city, postal_code, street) values ('Polska', 'Rzeszów', '83-120', '1070 Cordelia Plaza');
insert into address (country, city, postal_code, street) values ('Polska', 'Łódź', '16-010', '7 Forster Road');
insert into address (country, city, postal_code, street) values ('Polska', 'Gdynia', '62-410', '4962 Blaine Lane');
insert into address (country, city, postal_code, street) values ('Polska', 'Białystok', '73-108', '191 Blackbird Crossing');
insert into address (country, city, postal_code, street) values ('Polska', 'Gdynia', '18-105', '6572 Hoffman Junction');
insert into address (country, city, postal_code, street) values ('Polska', 'Poznań', '67-101', '0 Ramsey Center');
insert into address (country, city, postal_code, street) values ('Polska', 'Gdynia', '32-045', '05 Reinke Trail');
insert into address (country, city, postal_code, street) values ('Polska', 'Lublin', '34-322', '6975 Old Gate Road');
insert into address (country, city, postal_code, street) values ('Polska', 'Gdynia', '18-230', '54 Cherokee Center');
insert into address (country, city, postal_code, street) values ('Polska', 'Lublin', '84-240', '170 Magdeline Pass');
insert into address (country, city, postal_code, street) values ('Polska', 'Katowice', '37-127', '56202 Homewood Way');
insert into address (country, city, postal_code, street) values ('Polska', 'Lublin', '43-365', '48 Browning Street');
insert into address (country, city, postal_code, street) values ('Polska', 'Poznań', '11-015', '5760 Birchwood Point');
insert into address (country, city, postal_code, street) values ('Polska', 'Kraków', '05-090', '249 Surrey Crossing');
insert into address (country, city, postal_code, street) values ('Polska', 'Rzeszów', '63-005', '09 Di Loreto Trail');
insert into address (country, city, postal_code, street) values ('Polska', 'Katowice', '28-520', '002 North Road');
insert into address (country, city, postal_code, street) values ('Polska', 'Łódź', '99-333', '08352 Derek Terrace');


insert into medinet_role (role_id, role) values (1, 'DOCTOR'), (2, 'PATIENT');
insert into medinet_user (email, password, active) values ('admin@admin.pl', '$2a$12$TwQsp1IusXTDl7LwZqL0qeu49Ypr6vRdEzRq2vAsgb.zvOtrnzm5G', true);
insert into patient(user_id, name, surname, email, phone, address_id) values (1, 'Admin', 'Admin', 'admin@admin.pl', '+48 000 000 000', 1);

insert into medinet_user (email, password, active) values ('Krystian@medinet.com', '$2a$12$TwQsp1IusXTDl7LwZqL0qeu49Ypr6vRdEzRq2vAsgb.zvOtrnzm5G', true);
insert into medinet_user (email, password, active) values ('Cam@medinet.com', '$2a$12$TwQsp1IusXTDl7LwZqL0qeu49Ypr6vRdEzRq2vAsgb.zvOtrnzm5G', true);
insert into medinet_user (email, password, active) values ('Fleurette@medinet.com', '$2a$12$TwQsp1IusXTDl7LwZqL0qeu49Ypr6vRdEzRq2vAsgb.zvOtrnzm5G', true);
insert into medinet_user (email, password, active) values ('Osmond@medinet.com.jp', '$2a$12$TwQsp1IusXTDl7LwZqL0qeu49Ypr6vRdEzRq2vAsgb.zvOtrnzm5G', true);
insert into medinet_user (email, password, active) values ('Gray@medinet.com', '$2a$12$TwQsp1IusXTDl7LwZqL0qeu49Ypr6vRdEzRq2vAsgb.zvOtrnzm5G', true);
insert into medinet_user (email, password, active) values ('Sophi@medinet.com', '$2a$12$TwQsp1IusXTDl7LwZqL0qeu49Ypr6vRdEzRq2vAsgb.zvOtrnzm5G', true);
insert into medinet_user (email, password, active) values ('Anthea@medinet.com', '$2a$12$TwQsp1IusXTDl7LwZqL0qeu49Ypr6vRdEzRq2vAsgb.zvOtrnzm5G', true);
insert into medinet_user (email, password, active) values ('Frieda@medinet.com', '$2a$12$TwQsp1IusXTDl7LwZqL0qeu49Ypr6vRdEzRq2vAsgb.zvOtrnzm5G', true);
insert into medinet_user (email, password, active) values ('Hubert@medinet.com', '$2a$12$TwQsp1IusXTDl7LwZqL0qeu49Ypr6vRdEzRq2vAsgb.zvOtrnzm5G', true);
insert into medinet_user (email, password, active) values ('Spencer@medinet.com', '$2a$12$TwQsp1IusXTDl7LwZqL0qeu49Ypr6vRdEzRq2vAsgb.zvOtrnzm5G', true);
insert into medinet_user (email, password, active) values ('Renell@medinet.com', '$2a$12$TwQsp1IusXTDl7LwZqL0qeu49Ypr6vRdEzRq2vAsgb.zvOtrnzm5G', true);
insert into medinet_user (email, password, active) values ('Janey@medinet.com', '$2a$12$TwQsp1IusXTDl7LwZqL0qeu49Ypr6vRdEzRq2vAsgb.zvOtrnzm5G', true);
insert into medinet_user (email, password, active) values ('Jen@medinet.com', '$2a$12$TwQsp1IusXTDl7LwZqL0qeu49Ypr6vRdEzRq2vAsgb.zvOtrnzm5G', true);
insert into medinet_user (email, password, active) values ('Demetris@medinet.com', '$2a$12$TwQsp1IusXTDl7LwZqL0qeu49Ypr6vRdEzRq2vAsgb.zvOtrnzm5G', true);
insert into medinet_user (email, password, active) values ('Shell@medinet.com', '$2a$12$TwQsp1IusXTDl7LwZqL0qeu49Ypr6vRdEzRq2vAsgb.zvOtrnzm5G', true);
insert into medinet_user (email, password, active) values ('Claudian@medinet.com', '$2a$12$TwQsp1IusXTDl7LwZqL0qeu49Ypr6vRdEzRq2vAsgb.zvOtrnzm5G', true);
insert into medinet_user (email, password, active) values ('Ina@medinet-com.co.uk', '$2a$12$TwQsp1IusXTDl7LwZqL0qeu49Ypr6vRdEzRq2vAsgb.zvOtrnzm5G', true);
insert into medinet_user (email, password, active) values ('Sharai@medinet.com', '$2a$12$TwQsp1IusXTDl7LwZqL0qeu49Ypr6vRdEzRq2vAsgb.zvOtrnzm5G', true);
insert into medinet_user (email, password, active) values ('Mariana@medinet.com', '$2a$12$TwQsp1IusXTDl7LwZqL0qeu49Ypr6vRdEzRq2vAsgb.zvOtrnzm5G', true);
insert into medinet_user (email, password, active) values ('Pincas@medinet.com', '$2a$12$TwQsp1IusXTDl7LwZqL0qeu49Ypr6vRdEzRq2vAsgb.zvOtrnzm5G', true);
insert into medinet_user (email, password, active) values ('Myrtia@medinet.com', '$2a$12$TwQsp1IusXTDl7LwZqL0qeu49Ypr6vRdEzRq2vAsgb.zvOtrnzm5G', true);
insert into medinet_user (email, password, active) values ('Flinn@medinet.com', '$2a$12$TwQsp1IusXTDl7LwZqL0qeu49Ypr6vRdEzRq2vAsgb.zvOtrnzm5G', true);
insert into medinet_user (email, password, active) values ('Caddric@medinet.com', '$2a$12$TwQsp1IusXTDl7LwZqL0qeu49Ypr6vRdEzRq2vAsgb.zvOtrnzm5G', true);
insert into medinet_user (email, password, active) values ('Harland@medinet.com', '$2a$12$TwQsp1IusXTDl7LwZqL0qeu49Ypr6vRdEzRq2vAsgb.zvOtrnzm5G', true);
insert into medinet_user (email, password, active) values ('Drusie@medinet.com.us', '$2a$12$TwQsp1IusXTDl7LwZqL0qeu49Ypr6vRdEzRq2vAsgb.zvOtrnzm5G', true);
insert into medinet_user (email, password, active) values ('Sasha@medinet.com', '$2a$12$TwQsp1IusXTDl7LwZqL0qeu49Ypr6vRdEzRq2vAsgb.zvOtrnzm5G', true);
insert into medinet_user (email, password, active) values ('Say@medinet.com', '$2a$12$TwQsp1IusXTDl7LwZqL0qeu49Ypr6vRdEzRq2vAsgb.zvOtrnzm5G', true);
insert into medinet_user (email, password, active) values ('Gun@medinet.com', '$2a$12$TwQsp1IusXTDl7LwZqL0qeu49Ypr6vRdEzRq2vAsgb.zvOtrnzm5G', true);
insert into medinet_user (email, password, active) values ('Wenonah@medinet.com', '$2a$12$TwQsp1IusXTDl7LwZqL0qeu49Ypr6vRdEzRq2vAsgb.zvOtrnzm5G', true);
insert into medinet_user (email, password, active) values ('Baily@medinet.com', '$2a$12$TwQsp1IusXTDl7LwZqL0qeu49Ypr6vRdEzRq2vAsgb.zvOtrnzm5G', true);
insert into medinet_user (email, password, active) values ('Jayme@medinet.com', '$2a$12$TwQsp1IusXTDl7LwZqL0qeu49Ypr6vRdEzRq2vAsgb.zvOtrnzm5G', true);
insert into medinet_user (email, password, active) values ('Myles@medinet.com', '$2a$12$TwQsp1IusXTDl7LwZqL0qeu49Ypr6vRdEzRq2vAsgb.zvOtrnzm5G', true);
insert into medinet_user (email, password, active) values ('Rupert@medinet.com', '$2a$12$TwQsp1IusXTDl7LwZqL0qeu49Ypr6vRdEzRq2vAsgb.zvOtrnzm5G', true);
insert into medinet_user (email, password, active) values ('Heddi@medinet.com', '$2a$12$TwQsp1IusXTDl7LwZqL0qeu49Ypr6vRdEzRq2vAsgb.zvOtrnzm5G', true);
insert into medinet_user (email, password, active) values ('Kara@medinet.com', '$2a$12$TwQsp1IusXTDl7LwZqL0qeu49Ypr6vRdEzRq2vAsgb.zvOtrnzm5G', true);
insert into medinet_user (email, password, active) values ('Osborne@medinet.com', '$2a$12$TwQsp1IusXTDl7LwZqL0qeu49Ypr6vRdEzRq2vAsgb.zvOtrnzm5G', true);
insert into medinet_user (email, password, active) values ('Marie@medinet.com', '$2a$12$TwQsp1IusXTDl7LwZqL0qeu49Ypr6vRdEzRq2vAsgb.zvOtrnzm5G', true);
insert into medinet_user (email, password, active) values ('Thomasin@medinet.com', '$2a$12$TwQsp1IusXTDl7LwZqL0qeu49Ypr6vRdEzRq2vAsgb.zvOtrnzm5G', true);
insert into medinet_user (email, password, active) values ('Rebe@medinet.com.uk', '$2a$12$TwQsp1IusXTDl7LwZqL0qeu49Ypr6vRdEzRq2vAsgb.zvOtrnzm5G', true);
insert into medinet_user (email, password, active) values ('Damon@medinet.com', '$2a$12$TwQsp1IusXTDl7LwZqL0qeu49Ypr6vRdEzRq2vAsgb.zvOtrnzm5G', true);
insert into medinet_user (email, password, active) values ('Gianna@medinet.com', '$2a$12$TwQsp1IusXTDl7LwZqL0qeu49Ypr6vRdEzRq2vAsgb.zvOtrnzm5G', true);
insert into medinet_user (email, password, active) values ('Annissa@medinet.com', '$2a$12$TwQsp1IusXTDl7LwZqL0qeu49Ypr6vRdEzRq2vAsgb.zvOtrnzm5G', true);
insert into medinet_user (email, password, active) values ('Zolly@medinet.com', '$2a$12$TwQsp1IusXTDl7LwZqL0qeu49Ypr6vRdEzRq2vAsgb.zvOtrnzm5G', true);
insert into medinet_user (email, password, active) values ('Pierson@medinet.com', '$2a$12$TwQsp1IusXTDl7LwZqL0qeu49Ypr6vRdEzRq2vAsgb.zvOtrnzm5G', true);
insert into medinet_user (email, password, active) values ('Malinda@medinet-com.de', '$2a$12$TwQsp1IusXTDl7LwZqL0qeu49Ypr6vRdEzRq2vAsgb.zvOtrnzm5G', true);
insert into medinet_user (email, password, active) values ('Bronny@medinet.com', '$2a$12$TwQsp1IusXTDl7LwZqL0qeu49Ypr6vRdEzRq2vAsgb.zvOtrnzm5G', true);
insert into medinet_user (email, password, active) values ('Phineas@medinet.com', '$2a$12$TwQsp1IusXTDl7LwZqL0qeu49Ypr6vRdEzRq2vAsgb.zvOtrnzm5G', true);
insert into medinet_user (email, password, active) values ('Pauly@medinet.com', '$2a$12$TwQsp1IusXTDl7LwZqL0qeu49Ypr6vRdEzRq2vAsgb.zvOtrnzm5G', true);
insert into medinet_user (email, password, active) values ('Shelia@medinet.com', '$2a$12$TwQsp1IusXTDl7LwZqL0qeu49Ypr6vRdEzRq2vAsgb.zvOtrnzm5G', true);
insert into medinet_user (email, password, active) values ('Tiffani@medinet.com', '$2a$12$TwQsp1IusXTDl7LwZqL0qeu49Ypr6vRdEzRq2vAsgb.zvOtrnzm5G', true);
insert into medinet_user (email, password, active) values ('Moe@medinet.com', '$2a$12$TwQsp1IusXTDl7LwZqL0qeu49Ypr6vRdEzRq2vAsgb.zvOtrnzm5G', true);
insert into medinet_user (email, password, active) values ('Hermy@medinet.com', '$2a$12$TwQsp1IusXTDl7LwZqL0qeu49Ypr6vRdEzRq2vAsgb.zvOtrnzm5G', true);
insert into medinet_user (email, password, active) values ('Thorstein@medinet.com', '$2a$12$TwQsp1IusXTDl7LwZqL0qeu49Ypr6vRdEzRq2vAsgb.zvOtrnzm5G', true);
insert into medinet_user (email, password, active) values ('Aggi@medinet.com', '$2a$12$TwQsp1IusXTDl7LwZqL0qeu49Ypr6vRdEzRq2vAsgb.zvOtrnzm5G', true);
insert into medinet_user (email, password, active) values ('Broderic@medinet.com', '$2a$12$TwQsp1IusXTDl7LwZqL0qeu49Ypr6vRdEzRq2vAsgb.zvOtrnzm5G', true);
insert into medinet_user (email, password, active) values ('Pooh@medinet.com', '$2a$12$TwQsp1IusXTDl7LwZqL0qeu49Ypr6vRdEzRq2vAsgb.zvOtrnzm5G', true);
insert into medinet_user (email, password, active) values ('Abagail@medinet.com', '$2a$12$TwQsp1IusXTDl7LwZqL0qeu49Ypr6vRdEzRq2vAsgb.zvOtrnzm5G', true);
insert into medinet_user (email, password, active) values ('Natalie@medinet.com', '$2a$12$TwQsp1IusXTDl7LwZqL0qeu49Ypr6vRdEzRq2vAsgb.zvOtrnzm5G', true);
insert into medinet_user (email, password, active) values ('Tallou@medinet.com', '$2a$12$TwQsp1IusXTDl7LwZqL0qeu49Ypr6vRdEzRq2vAsgb.zvOtrnzm5G', true);
insert into medinet_user (email, password, active) values ('Mimi@medinet.com', '$2a$12$TwQsp1IusXTDl7LwZqL0qeu49Ypr6vRdEzRq2vAsgb.zvOtrnzm5G', true);
insert into medinet_user (email, password, active) values ('Douglas@medinet.com', '$2a$12$TwQsp1IusXTDl7LwZqL0qeu49Ypr6vRdEzRq2vAsgb.zvOtrnzm5G', true);
insert into medinet_user (email, password, active) values ('Danny@medinet.com.au', '$2a$12$TwQsp1IusXTDl7LwZqL0qeu49Ypr6vRdEzRq2vAsgb.zvOtrnzm5G', true);
insert into medinet_user (email, password, active) values ('Celine@medinet.com', '$2a$12$TwQsp1IusXTDl7LwZqL0qeu49Ypr6vRdEzRq2vAsgb.zvOtrnzm5G', true);
insert into medinet_user (email, password, active) values ('Odella@medinet.com', '$2a$12$TwQsp1IusXTDl7LwZqL0qeu49Ypr6vRdEzRq2vAsgb.zvOtrnzm5G', true);
insert into medinet_user (email, password, active) values ('Phelia@medinet.com', '$2a$12$TwQsp1IusXTDl7LwZqL0qeu49Ypr6vRdEzRq2vAsgb.zvOtrnzm5G', true);
insert into medinet_user (email, password, active) values ('Olly@medinet.com', '$2a$12$TwQsp1IusXTDl7LwZqL0qeu49Ypr6vRdEzRq2vAsgb.zvOtrnzm5G', true);
insert into medinet_user (email, password, active) values ('Kamillah@medinet.com', '$2a$12$TwQsp1IusXTDl7LwZqL0qeu49Ypr6vRdEzRq2vAsgb.zvOtrnzm5G', true);
insert into medinet_user (email, password, active) values ('Bink@medinet.com.uk', '$2a$12$TwQsp1IusXTDl7LwZqL0qeu49Ypr6vRdEzRq2vAsgb.zvOtrnzm5G', true);
insert into medinet_user (email, password, active) values ('Vikky@medinet.com', '$2a$12$TwQsp1IusXTDl7LwZqL0qeu49Ypr6vRdEzRq2vAsgb.zvOtrnzm5G', true);
insert into medinet_user (email, password, active) values ('Wes@medinet.com', '$2a$12$TwQsp1IusXTDl7LwZqL0qeu49Ypr6vRdEzRq2vAsgb.zvOtrnzm5G', true);
insert into medinet_user (email, password, active) values ('Regan@medinet.com', '$2a$12$TwQsp1IusXTDl7LwZqL0qeu49Ypr6vRdEzRq2vAsgb.zvOtrnzm5G', true);
insert into medinet_user (email, password, active) values ('Merle@medinet.com', '$2a$12$TwQsp1IusXTDl7LwZqL0qeu49Ypr6vRdEzRq2vAsgb.zvOtrnzm5G', true);
insert into medinet_user (email, password, active) values ('Giusto@medinet.com', '$2a$12$TwQsp1IusXTDl7LwZqL0qeu49Ypr6vRdEzRq2vAsgb.zvOtrnzm5G', true);
insert into medinet_user (email, password, active) values ('Cully@medinet.com', '$2a$12$TwQsp1IusXTDl7LwZqL0qeu49Ypr6vRdEzRq2vAsgb.zvOtrnzm5G', true);
insert into medinet_user (email, password, active) values ('Deborah@medinet.com', '$2a$12$TwQsp1IusXTDl7LwZqL0qeu49Ypr6vRdEzRq2vAsgb.zvOtrnzm5G', true);
insert into medinet_user (email, password, active) values ('Davide@medinet.com', '$2a$12$TwQsp1IusXTDl7LwZqL0qeu49Ypr6vRdEzRq2vAsgb.zvOtrnzm5G', true);
insert into medinet_user (email, password, active) values ('Cassandry@medinet.com', '$2a$12$TwQsp1IusXTDl7LwZqL0qeu49Ypr6vRdEzRq2vAsgb.zvOtrnzm5G', true);
insert into medinet_user (email, password, active) values ('Adda@medinet.com', '$2a$12$TwQsp1IusXTDl7LwZqL0qeu49Ypr6vRdEzRq2vAsgb.zvOtrnzm5G', true);
insert into medinet_user (email, password, active) values ('Terrijo@medinet.com', '$2a$12$TwQsp1IusXTDl7LwZqL0qeu49Ypr6vRdEzRq2vAsgb.zvOtrnzm5G', true);
insert into medinet_user (email, password, active) values ('Cam@medinet.com', '$2a$12$TwQsp1IusXTDl7LwZqL0qeu49Ypr6vRdEzRq2vAsgb.zvOtrnzm5G', true);
insert into medinet_user (email, password, active) values ('Corrinne@medinet.com', '$2a$12$TwQsp1IusXTDl7LwZqL0qeu49Ypr6vRdEzRq2vAsgb.zvOtrnzm5G', true);
insert into medinet_user (email, password, active) values ('Joletta@medinet.com', '$2a$12$TwQsp1IusXTDl7LwZqL0qeu49Ypr6vRdEzRq2vAsgb.zvOtrnzm5G', true);
insert into medinet_user (email, password, active) values ('Deane@medinet.com', '$2a$12$TwQsp1IusXTDl7LwZqL0qeu49Ypr6vRdEzRq2vAsgb.zvOtrnzm5G', true);
insert into medinet_user (email, password, active) values ('Shirley@medinet.com', '$2a$12$TwQsp1IusXTDl7LwZqL0qeu49Ypr6vRdEzRq2vAsgb.zvOtrnzm5G', true);
insert into medinet_user (email, password, active) values ('Auberta@medinet.com', '$2a$12$TwQsp1IusXTDl7LwZqL0qeu49Ypr6vRdEzRq2vAsgb.zvOtrnzm5G', true);
insert into medinet_user (email, password, active) values ('Ab@medinet.com', '$2a$12$TwQsp1IusXTDl7LwZqL0qeu49Ypr6vRdEzRq2vAsgb.zvOtrnzm5G', true);
insert into medinet_user (email, password, active) values ('Judith@medinet.com', '$2a$12$TwQsp1IusXTDl7LwZqL0qeu49Ypr6vRdEzRq2vAsgb.zvOtrnzm5G', true);
insert into medinet_user (email, password, active) values ('Killy@medinet.com', '$2a$12$TwQsp1IusXTDl7LwZqL0qeu49Ypr6vRdEzRq2vAsgb.zvOtrnzm5G', true);
insert into medinet_user (email, password, active) values ('Ginny@medinet.com', '$2a$12$TwQsp1IusXTDl7LwZqL0qeu49Ypr6vRdEzRq2vAsgb.zvOtrnzm5G', true);
insert into medinet_user (email, password, active) values ('Cicily@medinet.com', '$2a$12$TwQsp1IusXTDl7LwZqL0qeu49Ypr6vRdEzRq2vAsgb.zvOtrnzm5G', true);
insert into medinet_user (email, password, active) values ('Brett@medinet.com', '$2a$12$TwQsp1IusXTDl7LwZqL0qeu49Ypr6vRdEzRq2vAsgb.zvOtrnzm5G', true);
insert into medinet_user (email, password, active) values ('Jeddy@medinet.com', '$2a$12$TwQsp1IusXTDl7LwZqL0qeu49Ypr6vRdEzRq2vAsgb.zvOtrnzm5G', true);
insert into medinet_user (email, password, active) values ('Isaiah@medinet.com', '$2a$12$TwQsp1IusXTDl7LwZqL0qeu49Ypr6vRdEzRq2vAsgb.zvOtrnzm5G', true);
insert into medinet_user (email, password, active) values ('Rolando@medinet.com', '$2a$12$TwQsp1IusXTDl7LwZqL0qeu49Ypr6vRdEzRq2vAsgb.zvOtrnzm5G', true);
insert into medinet_user (email, password, active) values ('Tyler@medinet.com', '$2a$12$TwQsp1IusXTDl7LwZqL0qeu49Ypr6vRdEzRq2vAsgb.zvOtrnzm5G', true);
insert into medinet_user (email, password, active) values ('Maggy@medinet.com', '$2a$12$TwQsp1IusXTDl7LwZqL0qeu49Ypr6vRdEzRq2vAsgb.zvOtrnzm5G', true);
insert into medinet_user (email, password, active) values ('Anabella@medinet.com', '$2a$12$TwQsp1IusXTDl7LwZqL0qeu49Ypr6vRdEzRq2vAsgb.zvOtrnzm5G', true);
insert into medinet_user (email, password, active) values ('Jeralee@medinet.com', '$2a$12$TwQsp1IusXTDl7LwZqL0qeu49Ypr6vRdEzRq2vAsgb.zvOtrnzm5G', true);
insert into medinet_user (email, password, active) values ('Chucho@medinet.com', '$2a$12$TwQsp1IusXTDl7LwZqL0qeu49Ypr6vRdEzRq2vAsgb.zvOtrnzm5G', true);





insert into doctor (user_id, name, surname, email, price_for_visit, specialization, address_id) values (2,'Krystian', 'Wieczorek', 'Krystian@medinet.com', 291, 'Kardiolog', 2);
insert into doctor (user_id, name, surname, email, price_for_visit, specialization, address_id) values (3, 'Cam', 'Yearne', 'Cam@medinet.com', 158, 'Okulista', 3);
insert into doctor (user_id, name, surname, email, price_for_visit, specialization, address_id) values (4, 'Fleurette', 'Gras', 'Fleurette@medinet.com', 128, 'Kardiolog', 4);
insert into doctor (user_id, name, surname, email, price_for_visit, specialization, address_id) values (5, 'Osmond', 'Mardoll', 'Osmond@medinet.com.jp', 100, 'Stomatolog', 5);
insert into doctor (user_id, name, surname, email, price_for_visit, specialization, address_id) values (6, 'Gray', 'Hannabuss', 'Gray@medinet.com', 136, 'Okulista', 6);
insert into doctor (user_id, name, surname, email, price_for_visit, specialization, address_id) values (7, 'Sophi', 'Gannon', 'Sophi@medinet.com', 206, 'Urolog', 7);
insert into doctor (user_id, name, surname, email, price_for_visit, specialization, address_id) values (8, 'Anthea', 'Meatcher', 'Anthea@medinet.com', 171, 'Neurolog', 8);
insert into doctor (user_id, name, surname, email, price_for_visit, specialization, address_id) values (9, 'Frieda', 'Buessen', 'Frieda@medinet.com', 247, 'Laryngolog', 9);
insert into doctor (user_id, name, surname, email, price_for_visit, specialization, address_id) values (10, 'Hubert', 'O''Hartigan', 'Hubert@medinet.com', 102, 'Dermatolog', 10);
insert into doctor (user_id, name, surname, email, price_for_visit, specialization, address_id) values (11, 'Spencer', 'Retallick', 'Spencer@medinet.com', 144, 'Laryngolog', 11);
insert into doctor (user_id, name, surname, email, price_for_visit, specialization, address_id) values (12, 'Renell', 'Mitkov', 'Renell@medinet.com', 156, 'Psycholog', 12);
insert into doctor (user_id, name, surname, email, price_for_visit, specialization, address_id) values (13, 'Janey', 'Vynall', 'Janey@medinet.com', 165, 'Urolog', 13);
insert into doctor (user_id, name, surname, email, price_for_visit, specialization, address_id) values (14, 'Jen', 'Mackelworth', 'Jen@medinet.com', 112, 'Kardiolog', 14);
insert into doctor (user_id, name, surname, email, price_for_visit, specialization, address_id) values (15, 'Demetris', 'Mirfield', 'Demetris@medinet.com', 166, 'Dermatolog', 15);
insert into doctor (user_id, name, surname, email, price_for_visit, specialization, address_id) values (16, 'Shell', 'Bocock', 'Shell@medinet.com', 256, 'Neurolog', 16);
insert into doctor (user_id, name, surname, email, price_for_visit, specialization, address_id) values (17, 'Claudian', 'Lismore', 'Claudian@medinet.com', 111, 'Kardiolog', 17);
insert into doctor (user_id, name, surname, email, price_for_visit, specialization, address_id) values (18, 'Ina', 'Munks', 'Ina@medinet-com.co.uk', 302, 'Dermatolog', 18);
insert into doctor (user_id, name, surname, email, price_for_visit, specialization, address_id) values (19, 'Sharai', 'Addie', 'Sharai@medinet.com', 230, 'Stomatolog', 19);
insert into doctor (user_id, name, surname, email, price_for_visit, specialization, address_id) values (20, 'Mariana', 'Bass', 'Mariana@medinet.com', 233, 'Okulista', 20);
insert into doctor (user_id, name, surname, email, price_for_visit, specialization, address_id) values (21, 'Pincas', 'Steffan', 'Pincas@medinet.com', 305, 'Psycholog', 21);
insert into doctor (user_id, name, surname, email, price_for_visit, specialization, address_id) values (22, 'Myrtia', 'Boylan', 'Myrtia@medinet.com', 193, 'Psycholog', 22);
insert into doctor (user_id, name, surname, email, price_for_visit, specialization, address_id) values (23, 'Flinn', 'Pietzner', 'Flinn@medinet.com', 93, 'Chirurg', 23);
insert into doctor (user_id, name, surname, email, price_for_visit, specialization, address_id) values (24, 'Caddric', 'Belone', 'Caddric@medinet.com', 167, 'Kardiolog', 24);
insert into doctor (user_id, name, surname, email, price_for_visit, specialization, address_id) values (25, 'Harland', 'Hutfield', 'Harland@medinet.com', 98, 'Neurolog', 25);
insert into doctor (user_id, name, surname, email, price_for_visit, specialization, address_id) values (26, 'Drusie', 'Rawsen', 'Drusie@medinet.com.us', 285, 'Kardiolog', 26);
insert into doctor (user_id, name, surname, email, price_for_visit, specialization, address_id) values (27, 'Sasha', 'Laycock', 'Sasha@medinet.com', 296, 'Laryngolog', 27);
insert into doctor (user_id, name, surname, email, price_for_visit, specialization, address_id) values (28, 'Say', 'Foster', 'Say@medinet.com', 133, 'Okulista', 28);
insert into doctor (user_id, name, surname, email, price_for_visit, specialization, address_id) values (29, 'Gun', 'Guiraud', 'Gun@medinet.com', 305, 'Stomatolog', 29);
insert into doctor (user_id, name, surname, email, price_for_visit, specialization, address_id) values (30, 'Wenonah', 'Pantridge', 'Wenonah@medinet.com', 133, 'Stomatolog', 30);
insert into doctor (user_id, name, surname, email, price_for_visit, specialization, address_id) values (31, 'Baily', 'McMearty', 'Baily@medinet.com', 245, 'Psycholog', 31);
insert into doctor (user_id, name, surname, email, price_for_visit, specialization, address_id) values (32, 'Jayme', 'Apark', 'Jayme@medinet.com', 131, 'Stomatolog', 32);
insert into doctor (user_id, name, surname, email, price_for_visit, specialization, address_id) values (33, 'Myles', 'McKea', 'Myles@medinet.com', 201, 'Okulista', 33);
insert into doctor (user_id, name, surname, email, price_for_visit, specialization, address_id) values (34, 'Rupert', 'Tyrie', 'Rupert@medinet.com', 247, 'Psycholog', 34);
insert into doctor (user_id, name, surname, email, price_for_visit, specialization, address_id) values (35, 'Heddi', 'Shakesby', 'Heddi@medinet.com', 301, 'Laryngolog', 35);
insert into doctor (user_id, name, surname, email, price_for_visit, specialization, address_id) values (36, 'Kara', 'Fouch', 'Kara@medinet.com', 327, 'Stomatolog', 36);
insert into doctor (user_id, name, surname, email, price_for_visit, specialization, address_id) values (37, 'Osborne', 'MacKeague', 'Osborne@medinet.com', 137, 'Stomatolog', 37);
insert into doctor (user_id, name, surname, email, price_for_visit, specialization, address_id) values (38, 'Marie-ann', 'Dubique', 'Marie@medinet.com', 312, 'Okulista', 38);
insert into doctor (user_id, name, surname, email, price_for_visit, specialization, address_id) values (39, 'Thomasin', 'Werndly', 'Thomasin@medinet.com', 252, 'Dermatolog', 39);
insert into doctor (user_id, name, surname, email, price_for_visit, specialization, address_id) values (40, 'Rebe', 'Mammatt', 'Rebe@medinet.com.uk', 231, 'Okulista', 40);
insert into doctor (user_id, name, surname, email, price_for_visit, specialization, address_id) values (41, 'Damon', 'Ledwith', 'Damon@medinet.com', 164, 'Neurolog', 41);
insert into doctor (user_id, name, surname, email, price_for_visit, specialization, address_id) values (42, 'Gianna', 'Petrelli', 'Gianna@medinet.com', 167, 'Laryngolog', 42);
insert into doctor (user_id, name, surname, email, price_for_visit, specialization, address_id) values (43, 'Annissa', 'Flucks', 'Annissa@medinet.com', 317, 'Laryngolog', 43);
insert into doctor (user_id, name, surname, email, price_for_visit, specialization, address_id) values (44, 'Zolly', 'Randerson', 'Zolly@medinet.com', 305, 'Dermatolog', 44);
insert into doctor (user_id, name, surname, email, price_for_visit, specialization, address_id) values (45, 'Pierson', 'Sanchiz', 'Pierson@medinet.com', 226, 'Chirurg', 45);
insert into doctor (user_id, name, surname, email, price_for_visit, specialization, address_id) values (46, 'Malinda', 'Baker', 'Malinda@medinet-com.de', 313, 'Urolog', 46);
insert into doctor (user_id, name, surname, email, price_for_visit, specialization, address_id) values (47, 'Bronny', 'Rucklesse', 'Bronny@medinet.com', 216, 'Chirurg', 47);
insert into doctor (user_id, name, surname, email, price_for_visit, specialization, address_id) values (48, 'Phineas', 'Hansie', 'Phineas@medinet.com', 303, 'Kardiolog', 48);
insert into doctor (user_id, name, surname, email, price_for_visit, specialization, address_id) values (49, 'Pauly', 'Pervew', 'Pauly@medinet.com', 100, 'Chirurg', 49);
insert into doctor (user_id, name, surname, email, price_for_visit, specialization, address_id) values (50, 'Shelia', 'Gillam', 'Shelia@medinet.com', 281, 'Chirurg', 50);
insert into doctor (user_id, name, surname, email, price_for_visit, specialization, address_id) values (51, 'Tiffani', 'Barehead', 'Tiffani@medinet.com', 241, 'Chirurg', 51);
insert into doctor (user_id, name, surname, email, price_for_visit, specialization, address_id) values (52, 'Moe', 'Birkmyre', 'Moe@medinet.com', 185, 'Stomatolog', 52);
insert into doctor (user_id, name, surname, email, price_for_visit, specialization, address_id) values (53, 'Hermy', 'Goldson', 'Hermy@medinet.com', 228, 'Psycholog', 53);
insert into doctor (user_id, name, surname, email, price_for_visit, specialization, address_id) values (54, 'Thorstein', 'Ahrens', 'Thorstein@medinet.com', 95, 'Neurolog', 54);
insert into doctor (user_id, name, surname, email, price_for_visit, specialization, address_id) values (55, 'Aggi', 'Sture', 'Aggi@medinet.com', 215, 'Stomatolog', 55);
insert into doctor (user_id, name, surname, email, price_for_visit, specialization, address_id) values (56, 'Broderic', 'Kleinhaus', 'Broderic@medinet.com', 92, 'Psycholog', 56);
insert into doctor (user_id, name, surname, email, price_for_visit, specialization, address_id) values (57, 'Pooh', 'Balducci', 'Pooh@medinet.com', 280, 'Urolog', 57);
insert into doctor (user_id, name, surname, email, price_for_visit, specialization, address_id) values (58, 'Abagail', 'McGrah', 'Abagail@medinet.com', 101, 'Chirurg', 58);
insert into doctor (user_id, name, surname, email, price_for_visit, specialization, address_id) values (59, 'Natalie', 'Everley', 'Natalie@medinet.com', 216, 'Stomatolog', 59);
insert into doctor (user_id, name, surname, email, price_for_visit, specialization, address_id) values (60, 'Tallou', 'Rowbotham', 'Tallou@medinet.com', 224, 'Laryngolog', 60);
insert into doctor (user_id, name, surname, email, price_for_visit, specialization, address_id) values (61, 'Mimi', 'Tremonte', 'Mimi@medinet.com', 237, 'Chirurg', 61);
insert into doctor (user_id, name, surname, email, price_for_visit, specialization, address_id) values (62, 'Douglas', 'Hencke', 'Douglas@medinet.com', 222, 'Neurolog', 62);
insert into doctor (user_id, name, surname, email, price_for_visit, specialization, address_id) values (63, 'Danny', 'Gockelen', 'Danny@medinet.com.au', 239, 'Stomatolog', 63);
insert into doctor (user_id, name, surname, email, price_for_visit, specialization, address_id) values (64, 'Celine', 'Symmons', 'Celine@medinet.com', 140, 'Okulista', 64);
insert into doctor (user_id, name, surname, email, price_for_visit, specialization, address_id) values (65, 'Odella', 'Purvis', 'Odella@medinet.com', 179, 'Kardiolog', 65);
insert into doctor (user_id, name, surname, email, price_for_visit, specialization, address_id) values (66, 'Phelia', 'Bengoechea', 'Phelia@medinet.com', 205, 'Kardiolog', 66);
insert into doctor (user_id, name, surname, email, price_for_visit, specialization, address_id) values (67, 'Olly', 'Haig', 'Olly@medinet.com', 91, 'Urolog', 67);
insert into doctor (user_id, name, surname, email, price_for_visit, specialization, address_id) values (68, 'Kamillah', 'McIlherran', 'Kamillah@medinet.com', 185, 'Chirurg', 68);
insert into doctor (user_id, name, surname, email, price_for_visit, specialization, address_id) values (69, 'Bink', 'Nilges', 'Bink@medinet.com.uk', 257, 'Laryngolog', 69);
insert into doctor (user_id, name, surname, email, price_for_visit, specialization, address_id) values (70, 'Vikky', 'Haggish', 'Vikky@medinet.com', 300, 'Chirurg', 70);
insert into doctor (user_id, name, surname, email, price_for_visit, specialization, address_id) values (71, 'Wes', 'Moodey', 'Wes@medinet.com', 154, 'Kardiolog', 71);
insert into doctor (user_id, name, surname, email, price_for_visit, specialization, address_id) values (72, 'Regan', 'Pinches', 'Regan@medinet.com', 297, 'Chirurg', 72);
insert into doctor (user_id, name, surname, email, price_for_visit, specialization, address_id) values (73, 'Merle', 'Weldrick', 'Merle@medinet.com', 275, 'Psycholog', 73);
insert into doctor (user_id, name, surname, email, price_for_visit, specialization, address_id) values (74, 'Giusto', 'Gilloran', 'Giusto@medinet.com', 104, 'Dermatolog', 74);
insert into doctor (user_id, name, surname, email, price_for_visit, specialization, address_id) values (75, 'Cully', 'Ickowics', 'Cully@medinet.com', 270, 'Okulista', 75);
insert into doctor (user_id, name, surname, email, price_for_visit, specialization, address_id) values (76, 'Deborah', 'Klimontovich', 'Deborah@medinet.com', 117, 'Stomatolog', 76);
insert into doctor (user_id, name, surname, email, price_for_visit, specialization, address_id) values (77, 'Davide', 'Lewin', 'Davide@medinet.com', 288, 'Dermatolog', 77);
insert into doctor (user_id, name, surname, email, price_for_visit, specialization, address_id) values (78, 'Cassandry', 'Redmayne', 'Cassandry@medinet.com', 246, 'Kardiolog', 78);
insert into doctor (user_id, name, surname, email, price_for_visit, specialization, address_id) values (79, 'Adda', 'Heminsley', 'Adda@medinet.com', 268, 'Neurolog', 79);
insert into doctor (user_id, name, surname, email, price_for_visit, specialization, address_id) values (80, 'Terrijo', 'Josefs', 'Terrijo@medinet.com', 310, 'Laryngolog', 80);
insert into doctor (user_id, name, surname, email, price_for_visit, specialization, address_id) values (81, 'Cam', 'Ferbrache', 'CamSecond@medinet.com', 160, 'Stomatolog', 81);
insert into doctor (user_id, name, surname, email, price_for_visit, specialization, address_id) values (82, 'Corrinne', 'Donaldson', 'Corrinne@medinet.com', 277, 'Chirurg', 82);
insert into doctor (user_id, name, surname, email, price_for_visit, specialization, address_id) values (83, 'Joletta', 'Scrivenor', 'Joletta@medinet.com', 273, 'Kardiolog', 83);
insert into doctor (user_id, name, surname, email, price_for_visit, specialization, address_id) values (84, 'Deane', 'Mumbey', 'Deane@medinet.com', 183, 'Neurolog', 84);
insert into doctor (user_id, name, surname, email, price_for_visit, specialization, address_id) values (85, 'Shirley', 'Yesson', 'Shirley@medinet.com', 97, 'Kardiolog', 85);
insert into doctor (user_id, name, surname, email, price_for_visit, specialization, address_id) values (86, 'Auberta', 'Dearle', 'Auberta@medinet.com', 164, 'Dermatolog', 86);
insert into doctor (user_id, name, surname, email, price_for_visit, specialization, address_id) values (87, 'Ab', 'Durtnall', 'Ab@medinet.com', 161, 'Dermatolog', 87);
insert into doctor (user_id, name, surname, email, price_for_visit, specialization, address_id) values (88, 'Judith', 'Woodruff', 'Judith@medinet.com', 263, 'Okulista', 88);
insert into doctor (user_id, name, surname, email, price_for_visit, specialization, address_id) values (89, 'Killy', 'Abry', 'Killy@medinet.com', 321, 'Okulista', 89);
insert into doctor (user_id, name, surname, email, price_for_visit, specialization, address_id) values (90, 'Ginny', 'Tubritt', 'Ginny@medinet.com', 308, 'Okulista', 90);
insert into doctor (user_id, name, surname, email, price_for_visit, specialization, address_id) values (91, 'Cicily', 'Troake', 'Cicily@medinet.com', 104, 'Chirurg', 91);
insert into doctor (user_id, name, surname, email, price_for_visit, specialization, address_id) values (92, 'Brett', 'Alban', 'Brett@medinet.com', 246, 'Dermatolog', 92);
insert into doctor (user_id, name, surname, email, price_for_visit, specialization, address_id) values (93, 'Jeddy', 'Layland', 'Jeddy@medinet.com', 188, 'Laryngolog', 93);
insert into doctor (user_id, name, surname, email, price_for_visit, specialization, address_id) values (94, 'Isaiah', 'Abramow', 'Isaiah@medinet.com', 164, 'Psycholog', 94);
insert into doctor (user_id, name, surname, email, price_for_visit, specialization, address_id) values (95, 'Rolando', 'Goolding', 'Rolando@medinet.com', 292, 'Kardiolog', 95);
insert into doctor (user_id, name, surname, email, price_for_visit, specialization, address_id) values (96, 'Tyler', 'Wadworth', 'Tyler@medinet.com', 264, 'Chirurg', 96);
insert into doctor (user_id, name, surname, email, price_for_visit, specialization, address_id) values (97, 'Maggy', 'Hocking', 'Maggy@medinet.com', 102, 'Stomatolog', 97);
insert into doctor (user_id, name, surname, email, price_for_visit, specialization, address_id) values (98, 'Anabella', 'Gai', 'Anabella@medinet.com', 180, 'Dermatolog', 98);
insert into doctor (user_id, name, surname, email, price_for_visit, specialization, address_id) values (99, 'Jeralee', 'Aupol', 'Jeralee@medinet.com', 146, 'Laryngolog', 99);
insert into doctor (user_id, name, surname, email, price_for_visit, specialization, address_id) values (100, 'Chucho', 'Tembey', 'Chucho@medinet.com', 330, 'Laryngolog', 100);

insert into medinet_user_role (user_id, role_id) values (1, 2);
insert into medinet_user_role (user_id, role_id) values (2, 1);
insert into medinet_user_role (user_id, role_id) values (3, 1);
insert into medinet_user_role (user_id, role_id) values (4, 1);
insert into medinet_user_role (user_id, role_id) values (5, 1);
insert into medinet_user_role (user_id, role_id) values (6, 1);
insert into medinet_user_role (user_id, role_id) values (7, 1);
insert into medinet_user_role (user_id, role_id) values (8, 1);
insert into medinet_user_role (user_id, role_id) values (9, 1);
insert into medinet_user_role (user_id, role_id) values (10, 1);
insert into medinet_user_role (user_id, role_id) values (11, 1);
insert into medinet_user_role (user_id, role_id) values (12, 1);
insert into medinet_user_role (user_id, role_id) values (13, 1);
insert into medinet_user_role (user_id, role_id) values (14, 1);
insert into medinet_user_role (user_id, role_id) values (15, 1);
insert into medinet_user_role (user_id, role_id) values (16, 1);
insert into medinet_user_role (user_id, role_id) values (17, 1);
insert into medinet_user_role (user_id, role_id) values (18, 1);
insert into medinet_user_role (user_id, role_id) values (19, 1);
insert into medinet_user_role (user_id, role_id) values (20, 1);
insert into medinet_user_role (user_id, role_id) values (21, 1);
insert into medinet_user_role (user_id, role_id) values (22, 1);
insert into medinet_user_role (user_id, role_id) values (23, 1);
insert into medinet_user_role (user_id, role_id) values (24, 1);
insert into medinet_user_role (user_id, role_id) values (25, 1);
insert into medinet_user_role (user_id, role_id) values (26, 1);
insert into medinet_user_role (user_id, role_id) values (27, 1);
insert into medinet_user_role (user_id, role_id) values (28, 1);
insert into medinet_user_role (user_id, role_id) values (29, 1);
insert into medinet_user_role (user_id, role_id) values (30, 1);
insert into medinet_user_role (user_id, role_id) values (31, 1);
insert into medinet_user_role (user_id, role_id) values (32, 1);
insert into medinet_user_role (user_id, role_id) values (33, 1);
insert into medinet_user_role (user_id, role_id) values (34, 1);
insert into medinet_user_role (user_id, role_id) values (35, 1);
insert into medinet_user_role (user_id, role_id) values (36, 1);
insert into medinet_user_role (user_id, role_id) values (37, 1);
insert into medinet_user_role (user_id, role_id) values (38, 1);
insert into medinet_user_role (user_id, role_id) values (39, 1);
insert into medinet_user_role (user_id, role_id) values (40, 1);
insert into medinet_user_role (user_id, role_id) values (41, 1);
insert into medinet_user_role (user_id, role_id) values (42, 1);
insert into medinet_user_role (user_id, role_id) values (43, 1);
insert into medinet_user_role (user_id, role_id) values (44, 1);
insert into medinet_user_role (user_id, role_id) values (45, 1);
insert into medinet_user_role (user_id, role_id) values (46, 1);
insert into medinet_user_role (user_id, role_id) values (47, 1);
insert into medinet_user_role (user_id, role_id) values (48, 1);
insert into medinet_user_role (user_id, role_id) values (49, 1);
insert into medinet_user_role (user_id, role_id) values (50, 1);
insert into medinet_user_role (user_id, role_id) values (51, 1);
insert into medinet_user_role (user_id, role_id) values (52, 1);
insert into medinet_user_role (user_id, role_id) values (53, 1);
insert into medinet_user_role (user_id, role_id) values (54, 1);
insert into medinet_user_role (user_id, role_id) values (55, 1);
insert into medinet_user_role (user_id, role_id) values (56, 1);
insert into medinet_user_role (user_id, role_id) values (57, 1);
insert into medinet_user_role (user_id, role_id) values (58, 1);
insert into medinet_user_role (user_id, role_id) values (59, 1);
insert into medinet_user_role (user_id, role_id) values (60, 1);
insert into medinet_user_role (user_id, role_id) values (61, 1);
insert into medinet_user_role (user_id, role_id) values (62, 1);
insert into medinet_user_role (user_id, role_id) values (63, 1);
insert into medinet_user_role (user_id, role_id) values (64, 1);
insert into medinet_user_role (user_id, role_id) values (65, 1);
insert into medinet_user_role (user_id, role_id) values (66, 1);
insert into medinet_user_role (user_id, role_id) values (67, 1);
insert into medinet_user_role (user_id, role_id) values (68, 1);
insert into medinet_user_role (user_id, role_id) values (69, 1);
insert into medinet_user_role (user_id, role_id) values (70, 1);
insert into medinet_user_role (user_id, role_id) values (71, 1);
insert into medinet_user_role (user_id, role_id) values (72, 1);
insert into medinet_user_role (user_id, role_id) values (73, 1);
insert into medinet_user_role (user_id, role_id) values (74, 1);
insert into medinet_user_role (user_id, role_id) values (75, 1);
insert into medinet_user_role (user_id, role_id) values (76, 1);
insert into medinet_user_role (user_id, role_id) values (77, 1);
insert into medinet_user_role (user_id, role_id) values (78, 1);
insert into medinet_user_role (user_id, role_id) values (79, 1);
insert into medinet_user_role (user_id, role_id) values (80, 1);
insert into medinet_user_role (user_id, role_id) values (81, 1);
insert into medinet_user_role (user_id, role_id) values (82, 1);
insert into medinet_user_role (user_id, role_id) values (83, 1);
insert into medinet_user_role (user_id, role_id) values (84, 1);
insert into medinet_user_role (user_id, role_id) values (85, 1);
insert into medinet_user_role (user_id, role_id) values (86, 1);
insert into medinet_user_role (user_id, role_id) values (87, 1);
insert into medinet_user_role (user_id, role_id) values (88, 1);
insert into medinet_user_role (user_id, role_id) values (89, 1);
insert into medinet_user_role (user_id, role_id) values (90, 1);
insert into medinet_user_role (user_id, role_id) values (91, 1);
insert into medinet_user_role (user_id, role_id) values (92, 1);
insert into medinet_user_role (user_id, role_id) values (93, 1);
insert into medinet_user_role (user_id, role_id) values (94, 1);
insert into medinet_user_role (user_id, role_id) values (95, 1);
insert into medinet_user_role (user_id, role_id) values (96, 1);
insert into medinet_user_role (user_id, role_id) values (97, 1);
insert into medinet_user_role (user_id, role_id) values (98, 1);
insert into medinet_user_role (user_id, role_id) values (99, 1);
insert into medinet_user_role (user_id, role_id) values (100, 1);



insert into opinion (patient_id, doctor_id, date, note) values (1, 72, '2022-10-02 05:04:51', 'Bardzo dobry specjalista - polecam');
insert into opinion (patient_id, doctor_id, date, note) values (1, 48, '2022-11-07 00:32:12', 'Bardzo miły lekarz');
insert into opinion (patient_id, doctor_id, date, note) values (1, 84, '2023-04-26 15:46:52', 'odpowiedział na wszystkie moje pytania.');
insert into opinion (patient_id, doctor_id, date, note) values (1, 4, '2022-10-19 16:23:19', 'Doskonała diagnoza i skuteczne leczenie.');
insert into opinion (patient_id, doctor_id, date, note) values (1, 68, '2022-08-20 23:44:24', 'Bardzo zrozumiały i cierpliwy lekarz.');
insert into opinion (patient_id, doctor_id, date, note) values (1, 78, '2023-04-03 08:49:53', 'Świetne podejście do dzieci');
insert into opinion (patient_id, doctor_id, date, note) values (1, 93, '2022-09-24 23:40:28', 'moje dziecko już się nie boi wizyt.');
insert into opinion (patient_id, doctor_id, date, note) values (1, 19, '2023-06-22 08:21:56', 'Naprawdę godny zaufania i kompetentny lekarz.');
insert into opinion (patient_id, doctor_id, date, note) values (1, 90, '2022-09-10 01:37:21', 'Bardzo polecam');
insert into opinion (patient_id, doctor_id, date, note) values (1, 33, '2023-01-31 17:23:06', 'profesjonalizm w każdym calu.');
insert into opinion (patient_id, doctor_id, date, note) values (1, 87, '2023-01-15 14:37:43', 'Lekarz z ogromnym doświadczeniem');
insert into opinion (patient_id, doctor_id, date, note) values (1, 16, '2023-07-23 08:39:38', 'czułam się w pełni zaopiekowana.');
insert into opinion (patient_id, doctor_id, date, note) values (1, 97, '2023-07-25 21:24:37', 'Polecam z czystym sumieniem');
insert into opinion (patient_id, doctor_id, date, note) values (1, 9, '2022-12-04 08:31:51', 'wizyta przebiegła bezproblemowo.');
insert into opinion (patient_id, doctor_id, date, note) values (1, 52, '2022-11-21 07:42:43', 'Bardzo pomocny i empatyczny lekarz.');
insert into opinion (patient_id, doctor_id, date, note) values (1, 83, '2022-08-27 03:04:17', 'Zawsze dostępny i gotowy pomóc.');
insert into opinion (patient_id, doctor_id, date, note) values (1, 33, '2023-07-01 20:09:44', 'Profesjonalne podejście i skuteczne leczenie.');
insert into opinion (patient_id, doctor_id, date, note) values (1, 39, '2022-10-28 19:54:11', 'Bardzo profesjonalne podejście do pacjenta.');
insert into opinion (patient_id, doctor_id, date, note) values (1, 42, '2023-01-18 01:55:22', 'Bardzo dobry specjalista - polecam');
insert into opinion (patient_id, doctor_id, date, note) values (1, 23, '2023-06-03 05:36:24', 'Bardzo miły lekarz');
insert into opinion (patient_id, doctor_id, date, note) values (1, 12, '2023-07-09 00:36:30', 'odpowiedział na wszystkie moje pytania.');
insert into opinion (patient_id, doctor_id, date, note) values (1, 99, '2023-07-08 20:01:16', 'Doskonała diagnoza i skuteczne leczenie.');
insert into opinion (patient_id, doctor_id, date, note) values (1, 86, '2022-11-19 10:38:00', 'Bardzo zrozumiały i cierpliwy lekarz.');
insert into opinion (patient_id, doctor_id, date, note) values (1, 91, '2023-03-21 19:17:15', 'Świetne podejście do dzieci');
insert into opinion (patient_id, doctor_id, date, note) values (1, 31, '2022-10-03 18:35:10', 'moje dziecko już się nie boi wizyt.');
insert into opinion (patient_id, doctor_id, date, note) values (1, 98, '2022-10-26 18:30:52', 'Naprawdę godny zaufania i kompetentny lekarz.');
insert into opinion (patient_id, doctor_id, date, note) values (1, 33, '2023-06-28 01:18:17', 'Bardzo polecam');
insert into opinion (patient_id, doctor_id, date, note) values (1, 8, '2022-11-27 20:01:10', 'profesjonalizm w każdym calu.');
insert into opinion (patient_id, doctor_id, date, note) values (1, 60, '2023-05-16 18:47:44', 'Lekarz z ogromnym doświadczeniem');
insert into opinion (patient_id, doctor_id, date, note) values (1, 69, '2022-11-22 23:18:29', 'czułam się w pełni zaopiekowana.');
insert into opinion (patient_id, doctor_id, date, note) values (1, 50, '2023-05-07 11:12:54', 'Polecam z czystym sumieniem');
insert into opinion (patient_id, doctor_id, date, note) values (1, 81, '2023-02-01 18:29:24', 'wizyta przebiegła bezproblemowo.');
insert into opinion (patient_id, doctor_id, date, note) values (1, 11, '2022-08-01 19:13:42', 'Bardzo pomocny i empatyczny lekarz.');
insert into opinion (patient_id, doctor_id, date, note) values (1, 60, '2022-12-14 15:01:43', 'Zawsze dostępny i gotowy pomóc.');
insert into opinion (patient_id, doctor_id, date, note) values (1, 30, '2023-05-02 05:12:14', 'Profesjonalne podejście i skuteczne leczenie.');
insert into opinion (patient_id, doctor_id, date, note) values (1, 47, '2023-07-23 12:24:17', 'Bardzo profesjonalne podejście do pacjenta.');
insert into opinion (patient_id, doctor_id, date, note) values (1, 95, '2023-02-23 11:14:01', 'Bardzo dobry specjalista - polecam');
insert into opinion (patient_id, doctor_id, date, note) values (1, 1, '2022-12-31 03:01:25', 'Bardzo miły lekarz');
insert into opinion (patient_id, doctor_id, date, note) values (1, 97, '2023-04-15 18:13:53', 'odpowiedział na wszystkie moje pytania.');
insert into opinion (patient_id, doctor_id, date, note) values (1, 62, '2023-06-26 22:10:39', 'Doskonała diagnoza i skuteczne leczenie.');
insert into opinion (patient_id, doctor_id, date, note) values (1, 77, '2023-03-05 07:30:11', 'Bardzo zrozumiały i cierpliwy lekarz.');
insert into opinion (patient_id, doctor_id, date, note) values (1, 27, '2023-07-03 19:52:48', 'Świetne podejście do dzieci');
insert into opinion (patient_id, doctor_id, date, note) values (1, 35, '2022-09-28 21:13:30', 'moje dziecko już się nie boi wizyt.');
insert into opinion (patient_id, doctor_id, date, note) values (1, 56, '2023-07-08 15:15:10', 'Naprawdę godny zaufania i kompetentny lekarz.');
insert into opinion (patient_id, doctor_id, date, note) values (1, 64, '2022-10-18 17:29:36', 'Bardzo polecam');
insert into opinion (patient_id, doctor_id, date, note) values (1, 65, '2023-04-22 05:47:17', 'profesjonalizm w każdym calu.');
insert into opinion (patient_id, doctor_id, date, note) values (1, 59, '2023-06-13 04:59:15', 'Lekarz z ogromnym doświadczeniem');
insert into opinion (patient_id, doctor_id, date, note) values (1, 35, '2022-11-18 18:37:34', 'czułam się w pełni zaopiekowana.');
insert into opinion (patient_id, doctor_id, date, note) values (1, 1, '2023-03-25 13:37:49', 'Polecam z czystym sumieniem');
insert into opinion (patient_id, doctor_id, date, note) values (1, 95, '2022-07-28 04:36:22', 'wizyta przebiegła bezproblemowo.');
insert into opinion (patient_id, doctor_id, date, note) values (1, 9, '2022-12-05 14:16:11', 'Bardzo pomocny i empatyczny lekarz.');
insert into opinion (patient_id, doctor_id, date, note) values (1, 2, '2023-04-10 03:05:15', 'Zawsze dostępny i gotowy pomóc.');
insert into opinion (patient_id, doctor_id, date, note) values (1, 22, '2022-11-01 14:30:31', 'Profesjonalne podejście i skuteczne leczenie.');
insert into opinion (patient_id, doctor_id, date, note) values (1, 50, '2023-04-20 18:30:28', 'Bardzo profesjonalne podejście do pacjenta.');
insert into opinion (patient_id, doctor_id, date, note) values (1, 55, '2022-12-14 09:37:44', 'Bardzo dobry specjalista - polecam');
insert into opinion (patient_id, doctor_id, date, note) values (1, 41, '2022-12-06 18:12:17', 'Bardzo miły lekarz');
insert into opinion (patient_id, doctor_id, date, note) values (1, 57, '2023-01-03 10:05:04', 'odpowiedział na wszystkie moje pytania.');
insert into opinion (patient_id, doctor_id, date, note) values (1, 3, '2022-11-04 04:58:51', 'Doskonała diagnoza i skuteczne leczenie.');
insert into opinion (patient_id, doctor_id, date, note) values (1, 86, '2022-10-23 11:07:57', 'Bardzo zrozumiały i cierpliwy lekarz.');
insert into opinion (patient_id, doctor_id, date, note) values (1, 56, '2022-08-01 21:32:25', 'Świetne podejście do dzieci');
insert into opinion (patient_id, doctor_id, date, note) values (1, 65, '2023-04-17 20:12:12', 'moje dziecko już się nie boi wizyt.');
insert into opinion (patient_id, doctor_id, date, note) values (1, 44, '2023-02-15 17:43:57', 'Naprawdę godny zaufania i kompetentny lekarz.');
insert into opinion (patient_id, doctor_id, date, note) values (1, 99, '2023-04-04 00:08:07', 'Bardzo polecam');
insert into opinion (patient_id, doctor_id, date, note) values (1, 29, '2022-08-11 22:04:56', 'profesjonalizm w każdym calu.');
insert into opinion (patient_id, doctor_id, date, note) values (1, 36, '2023-03-15 20:56:45', 'Lekarz z ogromnym doświadczeniem');
insert into opinion (patient_id, doctor_id, date, note) values (1, 36, '2023-06-06 21:05:15', 'czułam się w pełni zaopiekowana.');
insert into opinion (patient_id, doctor_id, date, note) values (1, 70, '2023-05-14 03:56:42', 'Polecam z czystym sumieniem');
insert into opinion (patient_id, doctor_id, date, note) values (1, 9, '2022-08-29 03:13:45', 'wizyta przebiegła bezproblemowo.');
insert into opinion (patient_id, doctor_id, date, note) values (1, 26, '2023-03-09 00:00:55', 'Bardzo pomocny i empatyczny lekarz.');
insert into opinion (patient_id, doctor_id, date, note) values (1, 41, '2023-05-22 18:31:45', 'Zawsze dostępny i gotowy pomóc.');
insert into opinion (patient_id, doctor_id, date, note) values (1, 76, '2023-04-07 22:25:35', 'Profesjonalne podejście i skuteczne leczenie.');
insert into opinion (patient_id, doctor_id, date, note) values (1, 39, '2023-05-31 23:25:05', 'Bardzo profesjonalne podejście do pacjenta.');
insert into opinion (patient_id, doctor_id, date, note) values (1, 32, '2023-06-14 01:59:13', 'Bardzo dobry specjalista - polecam');
insert into opinion (patient_id, doctor_id, date, note) values (1, 90, '2022-09-09 14:49:12', 'Bardzo miły lekarz');
insert into opinion (patient_id, doctor_id, date, note) values (1, 63, '2022-10-19 07:55:49', 'odpowiedział na wszystkie moje pytania.');
insert into opinion (patient_id, doctor_id, date, note) values (1, 36, '2023-03-30 03:38:42', 'Doskonała diagnoza i skuteczne leczenie.');
insert into opinion (patient_id, doctor_id, date, note) values (1, 67, '2023-04-19 20:08:32', 'Bardzo zrozumiały i cierpliwy lekarz.');
insert into opinion (patient_id, doctor_id, date, note) values (1, 8, '2023-05-21 21:11:35', 'Świetne podejście do dzieci');
insert into opinion (patient_id, doctor_id, date, note) values (1, 58, '2023-02-28 08:04:31', 'moje dziecko już się nie boi wizyt.');
insert into opinion (patient_id, doctor_id, date, note) values (1, 27, '2023-07-19 14:04:54', 'Naprawdę godny zaufania i kompetentny lekarz.');
insert into opinion (patient_id, doctor_id, date, note) values (1, 41, '2023-06-25 04:26:37', 'Bardzo polecam');
insert into opinion (patient_id, doctor_id, date, note) values (1, 78, '2023-03-16 13:55:55', 'profesjonalizm w każdym calu.');
insert into opinion (patient_id, doctor_id, date, note) values (1, 33, '2022-08-30 03:07:39', 'Lekarz z ogromnym doświadczeniem');
insert into opinion (patient_id, doctor_id, date, note) values (1, 70, '2022-12-27 03:16:48', 'czułam się w pełni zaopiekowana.');
insert into opinion (patient_id, doctor_id, date, note) values (1, 23, '2022-12-21 02:18:15', 'Polecam z czystym sumieniem');
insert into opinion (patient_id, doctor_id, date, note) values (1, 27, '2023-04-18 12:02:08', 'wizyta przebiegła bezproblemowo.');
insert into opinion (patient_id, doctor_id, date, note) values (1, 44, '2022-08-07 21:04:20', 'Bardzo pomocny i empatyczny lekarz.');
insert into opinion (patient_id, doctor_id, date, note) values (1, 24, '2023-01-29 11:42:14', 'Zawsze dostępny i gotowy pomóc.');
insert into opinion (patient_id, doctor_id, date, note) values (1, 66, '2023-07-16 03:42:03', 'Profesjonalne podejście i skuteczne leczenie.');
insert into opinion (patient_id, doctor_id, date, note) values (1, 59, '2022-09-21 01:45:59', 'Bardzo profesjonalne podejście do pacjenta.');
insert into opinion (patient_id, doctor_id, date, note) values (1, 35, '2022-10-30 05:00:54', 'Bardzo dobry specjalista - polecam');
insert into opinion (patient_id, doctor_id, date, note) values (1, 77, '2023-04-08 23:19:55', 'Bardzo miły lekarz');
insert into opinion (patient_id, doctor_id, date, note) values (1, 70, '2023-03-01 20:41:01', 'odpowiedział na wszystkie moje pytania.');
insert into opinion (patient_id, doctor_id, date, note) values (1, 12, '2022-11-03 01:11:59', 'Doskonała diagnoza i skuteczne leczenie.');
insert into opinion (patient_id, doctor_id, date, note) values (1, 72, '2023-03-06 00:55:48', 'Bardzo zrozumiały i cierpliwy lekarz.');
insert into opinion (patient_id, doctor_id, date, note) values (1, 47, '2022-09-17 04:01:27', 'Świetne podejście do dzieci');
insert into opinion (patient_id, doctor_id, date, note) values (1, 57, '2023-06-12 11:58:29', 'moje dziecko już się nie boi wizyt.');
insert into opinion (patient_id, doctor_id, date, note) values (1, 1, '2022-09-01 11:12:41', 'Naprawdę godny zaufania i kompetentny lekarz.');
insert into opinion (patient_id, doctor_id, date, note) values (1, 93, '2023-02-12 12:34:15', 'Bardzo polecam');